geoid,name,year,total_pop,plumbing,percent_lacking_plumbing
1003,"Baldwin County, Alabama",2023,253507,271.0,0.1069004011723542
1069,"Houston County, Alabama",2023,108462,30.0,0.027659456768269
6037,"Los Angeles County, California",2023,9663345,5248.0,0.0543083166336294
6087,"Santa Cruz County, California",2023,261547,187.0,0.0714976658114985
6097,"Sonoma County, California",2023,481812,308.0,0.0639253484761691
6013,"Contra Costa County, California",2023,1155025,517.0,0.0447609359104781
10001,"Kent County, Delaware",2023,189789,4.0,0.0021076037072749
12017,"Citrus County, Florida",2023,166696,198.0,0.1187790948793012
12071,"Lee County, Florida",2023,834573,1269.0,0.1520538047600389
12101,"Pasco County, Florida",2023,632996,813.0,0.1284368305644901
12033,"Escambia County, Florida",2023,326928,30.0,0.0091763324034649
2090,"Fairbanks North Star Borough, Alaska",2023,94840,1786.0,1.883171657528469
13185,"Lowndes County, Georgia",2023,120712,43.0,0.0356219762741069
13127,"Glynn County, Georgia",2023,86172,53.0,0.0615048971823794
13051,"Chatham County, Georgia",2023,303655,315.0,0.1037361479310401
13179,"Liberty County, Georgia",2023,69210,0.0,0.0
13073,"Columbia County, Georgia",2023,165162,293.0,0.1774015814775796
17031,"Cook County, Illinois",2023,5087072,3694.0,0.0726154455844147
1117,"Shelby County, Alabama",2023,233000,221.0,0.0948497854077253
1055,"Etowah County, Alabama",2023,103241,46.0,0.0445559419222983
1051,"Elmore County, Alabama",2023,90441,0.0,0.0
22017,"Caddo Parish, Louisiana",2023,226386,218.0,0.0962957073317254
24005,"Baltimore County, Maryland",2023,844703,968.0,0.1145964913111472
24025,"Harford County, Maryland",2023,264644,0.0,0.0
24015,"Cecil County, Maryland",2023,105672,24.0,0.0227117874176697
25009,"Essex County, Massachusetts",2023,810089,704.0,0.0869040315323378
25005,"Bristol County, Massachusetts",2023,581841,324.0,0.0556853160915095
25021,"Norfolk County, Massachusetts",2023,727473,959.0,0.1318261983606264
26055,"Grand Traverse County, Michigan",2023,96421,57.0,0.0591157527924414
26103,"Marquette County, Michigan",2023,66999,351.0,0.5238884162450186
26147,"St. Clair County, Michigan",2023,159874,489.0,0.3058658693721305
27027,"Clay County, Minnesota",2023,66258,88.0,0.132814150744061
28033,"DeSoto County, Mississippi",2023,193247,112.0,0.0579569152431861
34015,"Gloucester County, New Jersey",2023,308423,0.0,0.0
36013,"Chautauqua County, New York",2023,124891,441.0,0.3531079100976051
36045,"Jefferson County, New York",2023,114787,47.0,0.0409454032251038
36059,"Nassau County, New York",2023,1381715,1139.0,0.0824337869965948
37133,"Onslow County, North Carolina",2023,213676,295.0,0.1380594919410696
38035,"Grand Forks County, North Dakota",2023,72708,142.0,0.1953017549650657
45051,"Horry County, South Carolina",2023,397478,192.0,0.0483045602523913
42111,"Somerset County, Pennsylvania",2023,72197,21.0,0.0290870811806584
42133,"York County, Pennsylvania",2023,464640,400.0,0.0860881542699724
45003,"Aiken County, South Carolina",2023,177130,170.0,0.0959747078416981
45091,"York County, South Carolina",2023,298320,117.0,0.0392196299275945
47065,"Hamilton County, Tennessee",2023,379864,127.0,0.0334330181328054
47059,"Greene County, Tennessee",2023,72577,39.0,0.0537360320762776
48355,"Nueces County, Texas",2023,352289,361.0,0.1024726857778698
48215,"Hidalgo County, Texas",2023,898471,1470.0,0.1636112907372636
48061,"Cameron County, Texas",2023,426710,309.0,0.0724145204002718
48479,"Webb County, Texas",2023,269148,234.0,0.0869410138659771
48039,"Brazoria County, Texas",2023,398938,196.0,0.0491304413217091
49045,"Tooele County, Utah",2023,82051,0.0,0.0
51095,"James City County, Virginia",2023,82654,0.0,0.0
51107,"Loudoun County, Virginia",2023,436347,55.0,0.0126046472188418
53067,"Thurston County, Washington",2023,299003,0.0,0.0
53029,"Island County, Washington",2023,86267,0.0,0.0
54011,"Cabell County, West Virginia",2023,92082,51.0,0.0553854173454095
54003,"Berkeley County, West Virginia",2023,132440,0.0,0.0
6057,"Nevada County, California",2023,102037,156.0,0.1528857179258504
5085,"Lonoke County, Arkansas",2023,75944,291.0,0.3831770778468345
6007,"Butte County, California",2023,207172,31.0,0.0149634120440986
6089,"Shasta County, California",2023,180366,75.0,0.0415821163633944
6047,"Merced County, California",2023,291920,87.0,0.0298026856673061
6033,"Lake County, California",2023,67878,115.0,0.1694216093579657
6115,"Yuba County, California",2023,85722,0.0,0.0
8035,"Douglas County, Colorado",2023,383906,319.0,0.0830932572035862
9140,"Naugatuck Valley Planning Region, Connecticut",2023,456128,344.0,0.0754174266872456
12107,"Putnam County, Florida",2023,75955,0.0,0.0
12001,"Alachua County, Florida",2023,285994,110.0,0.0384623453638887
13089,"DeKalb County, Georgia",2023,762992,504.0,0.0660557384612158
13157,"Jackson County, Georgia",2023,88615,0.0,0.0
13031,"Bulloch County, Georgia",2023,84327,32.0,0.0379475138449132
15003,"Honolulu County, Hawaii",2023,989408,1042.0,0.1053155017950127
15007,"Kauai County, Hawaii",2023,73851,0.0,0.0
18035,"Delaware County, Indiana",2023,112321,230.0,0.2047702566750652
22033,"East Baton Rouge Parish, Louisiana",2023,448467,489.0,0.1090381232063897
27013,"Blue Earth County, Minnesota",2023,70006,99.0,0.1414164500185698
30031,"Gallatin County, Montana",2023,126409,87.0,0.0688242134658133
34027,"Morris County, New Jersey",2023,514423,491.0,0.0954467432443728
36111,"Ulster County, New York",2023,182333,59.0,0.032358377254803
37051,"Cumberland County, North Carolina",2023,337890,69.0,0.0204208470212199
37085,"Harnett County, North Carolina",2023,141477,36.0,0.0254458321847367
37193,"Wilkes County, North Carolina",2023,66013,0.0,0.0
40027,"Cleveland County, Oklahoma",2023,301193,96.0,0.0318732507063577
41017,"Deschutes County, Oregon",2023,208513,171.0,0.0820092752010666
41047,"Marion County, Oregon",2023,346741,312.0,0.0899807060601428
42027,"Centre County, Pennsylvania",2023,157795,62.0,0.039291485788523
42041,"Cumberland County, Pennsylvania",2023,270738,100.0,0.0369360784226817
42003,"Allegheny County, Pennsylvania",2023,1224825,892.0,0.0728267303492335
42129,"Westmoreland County, Pennsylvania",2023,351163,187.0,0.0532516238897605
45077,"Pickens County, South Carolina",2023,135495,98.0,0.072327392154692
45085,"Sumter County, South Carolina",2023,104165,25.0,0.0240003840061441
45063,"Lexington County, South Carolina",2023,309528,48.0,0.0155074823602388
45055,"Kershaw County, South Carolina",2023,69905,130.0,0.1859666690508547
46103,"Pennington County, South Dakota",2023,115903,0.0,0.0
47093,"Knox County, Tennessee",2023,500669,68.0,0.0135818275147852
47001,"Anderson County, Tennessee",2023,80234,392.0,0.4885709300296632
48157,"Fort Bend County, Texas",2023,916778,627.0,0.0683916935179509
48257,"Kaufman County, Texas",2023,185690,129.0,0.0694706230814798
48471,"Walker County, Texas",2023,81268,0.0,0.0
49057,"Weber County, Utah",2023,271926,386.0,0.1419503835602333
51087,"Henrico County, Virginia",2023,334760,519.0,0.1550364440195961
51015,"Augusta County, Virginia",2023,78247,76.0,0.0971283244086035
51121,"Montgomery County, Virginia",2023,98666,42.0,0.0425678551882107
51019,"Bedford County, Virginia",2023,81525,0.0,0.0
53041,"Lewis County, Washington",2023,86154,195.0,0.2263388815377115
55111,"Sauk County, Wisconsin",2023,65920,8.0,0.012135922330097
55035,"Eau Claire County, Wisconsin",2023,107903,169.0,0.1566221513766994
9110,"Capitol Planning Region, Connecticut",2023,975328,932.0,0.0955575970340234
10003,"New Castle County, Delaware",2023,578592,221.0,0.0381961727780543
10005,"Sussex County, Delaware",2023,263509,64.0,0.0242875954900971
11001,"District of Columbia, District of Columbia",2023,678972,137.0,0.0201775625504439
12057,"Hillsborough County, Florida",2023,1535564,852.0,0.0554844995063703
12009,"Brevard County, Florida",2023,643979,636.0,0.0987609844420392
12113,"Santa Rosa County, Florida",2023,203162,106.0,0.0521751114873844
12131,"Walton County, Florida",2023,86354,0.0,0.0
12073,"Leon County, Florida",2023,296913,184.0,0.061971015078491
13215,"Muscogee County, Georgia",2023,201877,30.0,0.0148605338894475
13103,"Effingham County, Georgia",2023,71541,28.0,0.0391383961644371
1089,"Madison County, Alabama",2023,412600,465.0,0.1126999515269025
4005,"Coconino County, Arizona",2023,144472,1390.0,0.9621241486239548
4027,"Yuma County, Arizona",2023,213221,316.0,0.1482030381622823
4001,"Apache County, Arizona",2023,65036,2545.0,3.913217295036595
5131,"Sebastian County, Arkansas",2023,129098,114.0,0.0883050085981192
5007,"Benton County, Arkansas",2023,311013,114.0,0.0366544163748782
6073,"San Diego County, California",2023,3269973,1193.0,0.0364834816678914
6065,"Riverside County, California",2023,2492442,1892.0,0.0759094895688645
6041,"Marin County, California",2023,254407,204.0,0.0801864728564858
6081,"San Mateo County, California",2023,726353,457.0,0.0629170664952165
6017,"El Dorado County, California",2023,192215,90.0,0.0468225684780064
8077,"Mesa County, Colorado",2023,159681,0.0,0.0
8123,"Weld County, Colorado",2023,359442,160.0,0.0445134402768735
8069,"Larimer County, Colorado",2023,370771,118.0,0.0318255742763053
37031,"Carteret County, North Carolina",2023,69615,145.0,0.2082884435825612
37019,"Brunswick County, North Carolina",2023,159964,219.0,0.1369058038058563
37129,"New Hanover County, North Carolina",2023,238852,292.0,0.1222514360357041
37119,"Mecklenburg County, North Carolina",2023,1163701,457.0,0.039271256104446
37089,"Henderson County, North Carolina",2023,119230,0.0,0.0
38017,"Cass County, North Dakota",2023,196362,140.0,0.0712968904370499
41039,"Lane County, Oregon",2023,381181,106.0,0.0278083115370388
41051,"Multnomah County, Oregon",2023,789698,344.0,0.0435609562136411
41035,"Klamath County, Oregon",2023,70003,64.0,0.0914246532291473
42055,"Franklin County, Pennsylvania",2023,157854,159.0,0.1007259873047246
42017,"Bucks County, Pennsylvania",2023,645984,0.0,0.0
42029,"Chester County, Pennsylvania",2023,549784,264.0,0.0480188583152656
44007,"Providence County, Rhode Island",2023,660615,352.0,0.0532836826290653
45013,"Beaufort County, South Carolina",2023,198979,174.0,0.0874464139431799
45007,"Anderson County, South Carolina",2023,213076,178.0,0.0835382680358182
45043,"Georgetown County, South Carolina",2023,65731,268.0,0.4077223836545922
47009,"Blount County, Tennessee",2023,141456,56.0,0.0395882818685669
48167,"Galveston County, Texas",2023,361744,227.0,0.0627515591136273
48037,"Bowie County, Texas",2023,91687,203.0,0.2214054337037966
4013,"Maricopa County, Arizona",2023,4585871,5241.0,0.1142858139707811
4021,"Pinal County, Arizona",2023,484239,320.0,0.0660830705498731
17161,"Rock Island County, Illinois",2023,141236,154.0,0.1090373559149225
17097,"Lake County, Illinois",2023,708760,236.0,0.0332975901574581
18089,"Lake County, Indiana",2023,500598,227.0,0.0453457664633098
18177,"Wayne County, Indiana",2023,66127,84.0,0.1270282940402558
19163,"Scott County, Iowa",2023,174270,276.0,0.1583749354449991
1043,"Cullman County, Alabama",2023,92016,242.0,0.2629977395235611
1121,"Talladega County, Alabama",2023,81132,243.0,0.2995119065227037
22105,"Tangipahoa Parish, Louisiana",2023,138064,528.0,0.382431336191911
22071,"Orleans Parish, Louisiana",2023,364136,371.0,0.1018850099962651
24037,"St. Mary's County, Maryland",2023,115281,228.0,0.1977776042886512
24021,"Frederick County, Maryland",2023,293391,70.0,0.0238589459117696
25017,"Middlesex County, Massachusetts",2023,1623952,1365.0,0.0840542084987733
27137,"St. Louis County, Minnesota",2023,200514,355.0,0.1770449943644833
29031,"Cape Girardeau County, Missouri",2023,82984,197.0,0.2373951605128699
29189,"St. Louis County, Missouri",2023,987059,91.0,0.0092193070525672
29037,"Cass County, Missouri",2023,111732,48.0,0.0429599398560842
33015,"Rockingham County, New Hampshire",2023,320689,268.0,0.083570063207656
33017,"Strafford County, New Hampshire",2023,133243,119.0,0.0893105078690813
34009,"Cape May County, New Jersey",2023,94610,0.0,0.0
34023,"Middlesex County, New Jersey",2023,863623,1179.0,0.1365179019085874
34007,"Camden County, New Jersey",2023,527196,359.0,0.0680961160555087
35045,"San Juan County, New Mexico",2023,120675,391.0,0.3240107727366894
36103,"Suffolk County, New York",2023,1523170,764.0,0.0501585509168379
36047,"Kings County, New York",2023,2561225,1013.0,0.0395513865435484
36105,"Sullivan County, New York",2023,79920,79.0,0.0988488488488488
15009,"Maui County, Hawaii",2023,164244,159.0,0.0968071893037188
18053,"Grant County, Indiana",2023,66200,67.0,0.1012084592145015
20161,"Riley County, Kansas",2023,71402,0.0,0.0
22015,"Bossier Parish, Louisiana",2023,129795,0.0,0.0
22045,"Iberia Parish, Louisiana",2023,67659,194.0,0.2867319942653601
51153,"Prince William County, Virginia",2023,489640,88.0,0.0179723878768074
51059,"Fairfax County, Virginia",2023,1141878,641.0,0.0561355941703054
53035,"Kitsap County, Washington",2023,277658,591.0,0.212851781688264
53011,"Clark County, Washington",2023,521150,419.0,0.0803991173366593
53045,"Mason County, Washington",2023,68389,0.0,0.0
53053,"Pierce County, Washington",2023,928696,561.0,0.0604072807463368
54107,"Wood County, West Virginia",2023,83052,43.0,0.0517747916967682
6107,"Tulare County, California",2023,479468,153.0,0.0319103673237838
5145,"White County, Arkansas",2023,78452,59.0,0.0752052210268699
6067,"Sacramento County, California",2023,1584288,631.0,0.0398286170191278
6069,"San Benito County, California",2023,68175,0.0,0.0
6101,"Sutter County, California",2023,97948,0.0,0.0
6113,"Yolo County, California",2023,220544,0.0,0.0
8005,"Arapahoe County, Colorado",2023,656061,70.0,0.0106697395516575
8013,"Boulder County, Colorado",2023,326831,225.0,0.0688429188173704
12023,"Columbia County, Florida",2023,73063,269.0,0.3681754102623763
12055,"Highlands County, Florida",2023,107614,153.0,0.1421748099689631
12097,"Osceola County, Florida",2023,437784,220.0,0.0502530928494417
13153,"Houston County, Georgia",2023,171974,0.0,0.0
13121,"Fulton County, Georgia",2023,1079105,681.0,0.0631078532672909
45015,"Berkeley County, South Carolina",2023,255217,393.0,0.1539866074752073
45075,"Orangeburg County, South Carolina",2023,82820,79.0,0.0953875875392417
45079,"Richland County, South Carolina",2023,425138,201.0,0.0472787659536432
47149,"Rutherford County, Tennessee",2023,367101,45.0,0.0122582068694991
48453,"Travis County, Texas",2023,1334961,744.0,0.0557319652034778
48339,"Montgomery County, Texas",2023,711354,611.0,0.0858925373302181
48187,"Guadalupe County, Texas",2023,188454,68.0,0.0360830759761002
48423,"Smith County, Texas",2023,245209,302.0,0.1231602428948366
48469,"Victoria County, Texas",2023,91664,33.0,0.0360010473031942
49035,"Salt Lake County, Utah",2023,1185813,483.0,0.0407315487349185
27145,"Stearns County, Minnesota",2023,160977,29.0,0.0180149959310957
28121,"Rankin County, Mississippi",2023,160417,0.0,0.0
34035,"Somerset County, New Jersey",2023,348842,72.0,0.0206397165478927
35043,"Sandoval County, New Mexico",2023,155936,592.0,0.3796429304329981
36053,"Madison County, New York",2023,66921,166.0,0.2480536752290013
37023,"Burke County, North Carolina",2023,88338,0.0,0.0
37101,"Johnston County, North Carolina",2023,241955,0.0,0.0
37125,"Moore County, North Carolina",2023,106898,0.0,0.0
37127,"Nash County, North Carolina",2023,96551,0.0,0.0
37021,"Buncombe County, North Carolina",2023,275901,196.0,0.071039974483601
40125,"Pottawatomie County, Oklahoma",2023,73791,183.0,0.2479977232995893
41005,"Clackamas County, Oregon",2023,423173,243.0,0.0574233233216674
42091,"Montgomery County, Pennsylvania",2023,868742,880.0,0.1012958968255247
42043,"Dauphin County, Pennsylvania",2023,289234,195.0,0.0674194596762483
42097,"Northumberland County, Pennsylvania",2023,90120,36.0,0.0399467376830892
1101,"Montgomery County, Alabama",2023,224980,551.0,0.24491065872522
22109,"Terrebonne Parish, Louisiana",2023,103616,63.0,0.0608014206300185
23031,"York County, Maine",2023,218586,59.0,0.0269916646079803
24009,"Calvert County, Maryland",2023,94728,245.0,0.2586352504011485
24043,"Washington County, Maryland",2023,155813,66.0,0.0423584681637604
25023,"Plymouth County, Massachusetts",2023,535308,560.0,0.1046126715834622
25011,"Franklin County, Massachusetts",2023,70836,42.0,0.0592918854819583
26099,"Macomb County, Michigan",2023,875101,463.0,0.0529081785988131
34011,"Cumberland County, New Jersey",2023,152326,476.0,0.3124876908735212
34025,"Monmouth County, New Jersey",2023,642799,208.0,0.0323584822005012
34021,"Mercer County, New Jersey",2023,381671,65.0,0.0170303743276277
36061,"New York County, New York",2023,1597451,426.0,0.0266674846364614
36081,"Queens County, New York",2023,2252196,992.0,0.0440459000904006
36009,"Cattaraugus County, New York",2023,75600,428.0,0.5661375661375662
39035,"Cuyahoga County, Ohio",2023,1233088,825.0,0.0669052006020657
42049,"Erie County, Pennsylvania",2023,267571,60.0,0.0224239547634085
44005,"Newport County, Rhode Island",2023,83832,79.0,0.0942360912300792
45073,"Oconee County, South Carolina",2023,81221,133.0,0.163750754115315
48409,"San Patricio County, Texas",2023,70660,51.0,0.0721766204358901
48141,"El Paso County, Texas",2023,869880,1119.0,0.1286384328872948
49005,"Cache County, Utah",2023,142393,0.0,0.0
53009,"Clallam County, Washington",2023,77616,84.0,0.1082251082251082
17043,"DuPage County, Illinois",2023,921213,272.0,0.0295262876229493
6099,"Stanislaus County, California",2023,551430,299.0,0.0542226574542553
5069,"Jefferson County, Arkansas",2023,63661,122.0,0.1916400936208982
8059,"Jefferson County, Colorado",2023,576366,188.0,0.0326181627646322
12069,"Lake County, Florida",2023,424462,422.0,0.099419971634681
12083,"Marion County, Florida",2023,409959,670.0,0.1634309772440658
51179,"Stafford County, Virginia",2023,165428,0.0,0.0
51161,"Roanoke County, Virginia",2023,97026,0.0,0.0
53007,"Chelan County, Washington",2023,79997,0.0,0.0
56025,"Natrona County, Wyoming",2023,79941,85.0,0.1063284172076906
1097,"Mobile County, Alabama",2023,411640,549.0,0.1333689631717034
1073,"Jefferson County, Alabama",2023,662895,466.0,0.0702977092903099
4015,"Mohave County, Arizona",2023,223682,843.0,0.3768743126402661
6071,"San Bernardino County, California",2023,2195611,1057.0,0.0481414968316336
6001,"Alameda County, California",2023,1622188,652.0,0.0401926287212086
9180,"Southeastern Connecticut Planning Region, Connecticut",2023,279634,120.0,0.0429132365878255
12127,"Volusia County, Florida",2023,590357,302.0,0.0511554872729551
12031,"Duval County, Florida",2023,1030822,296.0,0.028714947876549
2170,"Matanuska-Susitna Borough, Alaska",2023,115239,1083.0,0.93978600994455
2020,"Anchorage Municipality, Alaska",2023,286075,437.0,0.1527571441055667
13245,"Richmond County, Georgia",2023,205414,0.0,0.0
4025,"Yavapai County, Arizona",2023,249081,914.0,0.3669489041717352
51061,"Fauquier County, Virginia",2023,75165,0.0,0.0
54033,"Harrison County, West Virginia",2023,64639,131.0,0.2026640263617939
72113,"Ponce Municipio, Puerto Rico",2023,130251,422.0,0.3239898350108636
72097,"Mayagüez Municipio, Puerto Rico",2023,69798,203.0,0.2908392790624373
12053,"Hernando County, Florida",2023,212807,51.0,0.0239653770787615
13313,"Whitfield County, Georgia",2023,103687,104.0,0.1003018700512118
6053,"Monterey County, California",2023,430723,41.0,0.00951887872252
6085,"Santa Clara County, California",2023,1877592,1494.0,0.0795700024286426
6023,"Humboldt County, California",2023,133985,491.0,0.3664589319699966
39095,"Lucas County, Ohio",2023,425484,262.0,0.0615769335627191
42125,"Washington County, Pennsylvania",2023,210232,195.0,0.0927546710301
42045,"Delaware County, Pennsylvania",2023,576720,219.0,0.037973366625052
42095,"Northampton County, Pennsylvania",2023,319091,17.0,0.0053276338097909
47157,"Shelby County, Tennessee",2023,910042,202.0,0.0221967777311376
48245,"Jefferson County, Texas",2023,251496,53.0,0.0210738938193848
18167,"Vigo County, Indiana",2023,106153,0.0,0.0
13113,"Fayette County, Georgia",2023,123351,50.0,0.0405347342137477
13021,"Bibb County, Georgia",2023,156512,87.0,0.0555867920670619
16005,"Bannock County, Idaho",2023,90400,0.0,0.0
21151,"Madison County, Kentucky",2023,96735,76.0,0.0785651522199824
21029,"Bullitt County, Kentucky",2023,84863,0.0,0.0
22005,"Ascension Parish, Louisiana",2023,131632,365.0,0.2772881973988088
25015,"Hampshire County, Massachusetts",2023,162502,195.0,0.1199985230951003
27053,"Hennepin County, Minnesota",2023,1258713,759.0,0.0602996870613078
28089,"Madison County, Mississippi",2023,112511,0.0,0.0
29019,"Boone County, Missouri",2023,189463,457.0,0.2412080458981437
30013,"Cascade County, Montana",2023,84900,396.0,0.4664310954063604
36067,"Onondaga County, New York",2023,467873,249.0,0.053219570268
37057,"Davidson County, North Carolina",2023,174804,0.0,0.0
37141,"Pender County, North Carolina",2023,68521,0.0,0.0
37167,"Stanly County, North Carolina",2023,65699,0.0,0.0
42089,"Monroe County, Pennsylvania",2023,166053,290.0,0.1746430356572901
42005,"Armstrong County, Pennsylvania",2023,64074,242.0,0.3776882979055467
45041,"Florence County, South Carolina",2023,137214,216.0,0.157418339236521
48491,"Williamson County, Texas",2023,697191,449.0,0.0644012903207299
51177,"Spotsylvania County, Virginia",2023,149588,0.0,0.0
12117,"Seminole County, Florida",2023,484271,96.0,0.0198236111598671
47063,"Hamblen County, Tennessee",2023,66216,0.0,0.0
48041,"Brazos County, Texas",2023,244703,310.0,0.1266841845012117
49049,"Utah County, Utah",2023,719174,505.0,0.0702194461979993
28049,"Hinds County, Mississippi",2023,214870,212.0,0.0986643086517429
40145,"Wagoner County, Oklahoma",2023,89280,87.0,0.0974462365591397
41043,"Linn County, Oregon",2023,131496,103.0,0.078329378840421
42071,"Lancaster County, Pennsylvania",2023,558589,78.0,0.013963755104379
42033,"Clearfield County, Pennsylvania",2023,77090,115.0,0.14917628745622
54081,"Raleigh County, West Virginia",2023,72356,41.0,0.0566642711039858
54039,"Kanawha County, West Virginia",2023,174805,168.0,0.0961070907582735
9170,"South Central Connecticut Planning Region, Connecticut",2023,568158,0.0,0.0
24001,"Allegany County, Maryland",2023,67273,74.0,0.1099995540558619
45083,"Spartanburg County, South Carolina",2023,356698,87.0,0.0243903806581477
48427,"Starr County, Texas",2023,65934,123.0,0.1865501865501865
48361,"Orange County, Texas",2023,85722,565.0,0.6591073470054362
24033,"Prince George's County, Maryland",2023,947430,914.0,0.0964715071298143
26115,"Monroe County, Michigan",2023,155045,396.0,0.2554097197587797
29095,"Jackson County, Missouri",2023,718560,468.0,0.065130260521042
34033,"Salem County, New Jersey",2023,65338,434.0,0.6642382686950933
34041,"Warren County, New Jersey",2023,111252,95.0,0.0853917232948621
34003,"Bergen County, New Jersey",2023,957736,929.0,0.0969995907014041
34031,"Passaic County, New Jersey",2023,513395,311.0,0.0605771384606394
36119,"Westchester County, New York",2023,990817,452.0,0.0456189185288504
36075,"Oswego County, New York",2023,118162,241.0,0.2039572789898613
22055,"Lafayette Parish, Louisiana",2023,249750,106.0,0.0424424424424424
22063,"Livingston Parish, Louisiana",2023,150145,493.0,0.3283492623796996
53057,"Skagit County, Washington",2023,131417,187.0,0.1422951368544404
53033,"King County, Washington",2023,2271380,1612.0,0.0709700710581232
53061,"Snohomish County, Washington",2023,844761,127.0,0.0150338379731071
6039,"Madera County, California",2023,162858,39.0,0.0239472423829348
6077,"San Joaquin County, California",2023,800965,846.0,0.1056225927474983
6019,"Fresno County, California",2023,1017162,417.0,0.0409964194494092
24045,"Wicomico County, Maryland",2023,104800,82.0,0.0782442748091603
45019,"Charleston County, South Carolina",2023,424367,75.0,0.0176733817662542
47147,"Robertson County, Tennessee",2023,76776,0.0,0.0
48201,"Harris County, Texas",2023,4835125,4077.0,0.0843204674129417
22097,"St. Landry Parish, Louisiana",2023,81464,71.0,0.0871550623588333
30063,"Missoula County, Montana",2023,121849,122.0,0.1001239238729903
39101,"Marion County, Ohio",2023,64851,69.0,0.1063977425174631
45035,"Dorchester County, South Carolina",2023,169833,226.0,0.1330719000429834
51041,"Chesterfield County, Virginia",2023,383876,121.0,0.0315205951921974
1049,"DeKalb County, Alabama",2023,72569,0.0,0.0
6111,"Ventura County, California",2023,829590,639.0,0.0770260007955737
9130,"Lower Connecticut River Valley Planning Region, Connecticut",2023,176215,247.0,0.1401696790852084
41019,"Douglas County, Oregon",2023,112435,0.0,0.0
44009,"Washington County, Rhode Island",2023,129982,0.0,0.0
47165,"Sumner County, Tennessee",2023,207994,71.0,0.0341356000653865
1115,"St. Clair County, Alabama",2023,95552,0.0,0.0
24031,"Montgomery County, Maryland",2023,1058474,267.0,0.0252249937173704
27163,"Washington County, Minnesota",2023,278936,0.0,0.0
32031,"Washoe County, Nevada",2023,498022,301.0,0.060439097068001
34019,"Hunterdon County, New Jersey",2023,130183,168.0,0.1290491077944124
36071,"Orange County, New York",2023,407470,392.0,0.0962034014774093
51165,"Rockingham County, Virginia",2023,86568,206.0,0.2379632196654653
12105,"Polk County, Florida",2023,818330,345.0,0.042159031197683
13217,"Newton County, Georgia",2023,120135,0.0,0.0
15001,"Hawaii County, Hawaii",2023,207615,990.0,0.4768441586590564
27139,"Scott County, Minnesota",2023,155814,325.0,0.2085820272889471
30049,"Lewis and Clark County, Montana",2023,75011,173.0,0.2306328405167242
36091,"Saratoga County, New York",2023,238711,116.0,0.0485943253557649
48381,"Randall County, Texas",2023,148255,0.0,0.0
12091,"Okaloosa County, Florida",2023,218464,135.0,0.0617950783653142
6045,"Mendocino County, California",2023,89108,134.0,0.1503793149885532
37155,"Robeson County, North Carolina",2023,117365,48.0,0.0408980530822647
41033,"Josephine County, Oregon",2023,87821,0.0,0.0
21059,"Daviess County, Kentucky",2023,103458,0.0,0.0
24017,"Charles County, Maryland",2023,171973,40.0,0.0232594651485989
25025,"Suffolk County, Massachusetts",2023,768425,597.0,0.0776913817223541
29099,"Jefferson County, Missouri",2023,231230,492.0,0.2127751589326644
30029,"Flathead County, Montana",2023,113679,112.0,0.098523034157584
32003,"Clark County, Nevada",2023,2336573,934.0,0.0399730716737718
34001,"Atlantic County, New Jersey",2023,275213,464.0,0.1685966869297598
36063,"Niagara County, New York",2023,209457,119.0,0.0568135703270838
21067,"Fayette County, Kentucky",2023,320154,165.0,0.0515376974830862
51069,"Frederick County, Virginia",2023,95994,73.0,0.0760464195678896
53027,"Grays Harbor County, Washington",2023,77290,101.0,0.1306766722732565
45059,"Laurens County, South Carolina",2023,68873,126.0,0.1829454212826506
47119,"Maury County, Tennessee",2023,110760,0.0,0.0
48091,"Comal County, Texas",2023,193928,398.0,0.2052308073099294
34013,"Essex County, New Jersey",2023,851117,598.0,0.0702606104683609
36065,"Oneida County, New York",2023,227555,18.0,0.007910175561952
37147,"Pitt County, North Carolina",2023,175119,413.0,0.2358396290522444
39055,"Geauga County, Ohio",2023,95407,137.0,0.1435953336757261
40101,"Muskogee County, Oklahoma",2023,66677,15.0,0.0224965130404787
41003,"Benton County, Oregon",2023,97713,0.0,0.0
53005,"Benton County, Washington",2023,215219,160.0,0.0743428786491899
6025,"Imperial County, California",2023,179057,65.0,0.0363012895335005
12089,"Nassau County, Florida",2023,101501,0.0,0.0
22057,"Lafourche Parish, Louisiana",2023,95056,54.0,0.0568086180777646
36029,"Erie County, New York",2023,946147,430.0,0.0454474833191882
24003,"Anne Arundel County, Maryland",2023,594582,419.0,0.0704696744940142
34005,"Burlington County, New Jersey",2023,469167,763.0,0.1626286588783951
47155,"Sevier County, Tennessee",2023,99415,0.0,0.0
53015,"Cowlitz County, Washington",2023,112864,41.0,0.0363269067195917
8101,"Pueblo County, Colorado",2023,169422,119.0,0.0702388119606662
22103,"St. Tammany Parish, Louisiana",2023,275583,283.0,0.1026913851725251
37161,"Rutherford County, North Carolina",2023,65507,0.0,0.0
47189,"Wilson County, Tennessee",2023,163674,242.0,0.1478548822659677
48029,"Bexar County, Texas",2023,2087679,1419.0,0.0679702195596162
51085,"Hanover County, Virginia",2023,114148,0.0,0.0
6061,"Placer County, California",2023,423561,1528.0,0.3607508717752579
39043,"Erie County, Ohio",2023,74035,0.0,0.0
42101,"Philadelphia County, Pennsylvania",2023,1550542,1581.0,0.1019643453708445
17197,"Will County, Illinois",2023,700728,731.0,0.1043200785468826
23003,"Aroostook County, Maine",2023,67351,356.0,0.528574185980906
25013,"Hampden County, Massachusetts",2023,460291,430.0,0.093419163094651
29183,"St. Charles County, Missouri",2023,416659,159.0,0.0381607021569196
18067,"Howard County, Indiana",2023,83831,0.0,0.0
51199,"York County, Virginia",2023,70952,0.0,0.0
5045,"Faulkner County, Arkansas",2023,129951,153.0,0.1177366853660225
8031,"Denver County, Colorado",2023,716577,200.0,0.0279104687981891
13077,"Coweta County, Georgia",2023,155892,118.0,0.0756934287840299
45047,"Greenwood County, South Carolina",2023,69460,319.0,0.4592571264036856
47037,"Davidson County, Tennessee",2023,712334,185.0,0.0259709630594636
22079,"Rapides Parish, Louisiana",2023,126260,141.0,0.1116743228259147
12095,"Orange County, Florida",2023,1471416,593.0,0.0403013151957026
13135,"Gwinnett County, Georgia",2023,983526,220.0,0.0223684986467058
48135,"Ector County, Texas",2023,164494,184.0,0.1118581832772016
49011,"Davis County, Utah",2023,373207,880.0,0.235794076745613
27171,"Wright County, Minnesota",2023,151150,27.0,0.0178630499503804
42051,"Fayette County, Pennsylvania",2023,123915,174.0,0.1404188354920711
26163,"Wayne County, Michigan",2023,1751169,1699.0,0.0970209043216274
33009,"Grafton County, New Hampshire",2023,93146,50.0,0.0536791703347433
47163,"Sullivan County, Tennessee",2023,162135,289.0,0.1782465229592623
6055,"Napa County, California",2023,133216,148.0,0.11109776603411
6083,"Santa Barbara County, California",2023,441257,47.0,0.0106513890997763
53077,"Yakima County, Washington",2023,256643,264.0,0.102866627961799
9190,"Western Connecticut Planning Region, Connecticut",2023,623907,134.0,0.0214775599568525
45057,"Lancaster County, South Carolina",2023,108215,303.0,0.2799981518273807
16083,"Twin Falls County, Idaho",2023,95156,0.0,0.0
37159,"Rowan County, North Carolina",2023,151661,0.0,0.0
42063,"Indiana County, Pennsylvania",2023,83094,175.0,0.210604857149734
47187,"Williamson County, Tennessee",2023,264460,122.0,0.046131740149739
1081,"Lee County, Alabama",2023,183215,0.0,0.0
5143,"Washington County, Arkansas",2023,261549,78.0,0.0298223277473819
9150,"Northeastern Connecticut Planning Region, Connecticut",2023,96692,16.0,0.0165473875811856
12015,"Charlotte County, Florida",2023,206134,53.0,0.0257114304287502
1095,"Marshall County, Alabama",2023,100756,192.0,0.1905593711540752
37049,"Craven County, North Carolina",2023,102391,0.0,0.0
51003,"Albemarle County, Virginia",2023,115676,107.0,0.0924997406549327
53021,"Franklin County, Washington",2023,99034,0.0,0.0
12103,"Pinellas County, Florida",2023,961596,451.0,0.0469011934325849
72127,"San Juan Municipio, Puerto Rico",2023,333005,726.0,0.2180147445233555
16027,"Canyon County, Idaho",2023,257674,98.0,0.0380325527604647
39061,"Hamilton County, Ohio",2023,827058,626.0,0.075689975793717
48005,"Angelina County, Texas",2023,87319,172.0,0.1969788934825181
48347,"Nacogdoches County, Texas",2023,65375,231.0,0.3533460803059273
47141,"Putnam County, Tennessee",2023,83844,155.0,0.1848671342016125
36113,"Warren County, New York",2023,65380,271.0,0.4144998470480269
24027,"Howard County, Maryland",2023,336001,310.0,0.0922616301737197
12119,"Sumter County, Florida",2023,151565,319.0,0.210470755121565
4017,"Navajo County, Arizona",2023,109175,2019.0,1.8493244790474008
17111,"McHenry County, Illinois",2023,312800,256.0,0.0818414322250639
18163,"Vanderburgh County, Indiana",2023,179810,390.0,0.2168956120349257
12081,"Manatee County, Florida",2023,441095,546.0,0.1237828585678822
13047,"Catoosa County, Georgia",2023,68910,107.0,0.1552749963720795
1125,"Tuscaloosa County, Alabama",2023,237373,82.0,0.0345447881604057
18127,"Porter County, Indiana",2023,175335,225.0,0.128325776370947
19193,"Woodbury County, Iowa",2023,105951,55.0,0.0519107889496087
20091,"Johnson County, Kansas",2023,622237,289.0,0.046445325494948
20209,"Wyandotte County, Kansas",2023,165281,57.0,0.0344867226117944
26005,"Allegan County, Michigan",2023,121939,238.0,0.1951795569916105
26091,"Lenawee County, Michigan",2023,97520,113.0,0.1158736669401148
26021,"Berrien County, Michigan",2023,152261,14.0,0.0091947379828058
29165,"Platte County, Missouri",2023,111940,31.0,0.0276934071824191
31055,"Douglas County, Nebraska",2023,589540,261.0,0.0442718051362078
31153,"Sarpy County, Nebraska",2023,199886,108.0,0.0540307975546061
40143,"Tulsa County, Oklahoma",2023,682868,487.0,0.071316857723601
40031,"Comanche County, Oklahoma",2023,121574,133.0,0.1093983911033609
47179,"Washington County, Tennessee",2023,138420,40.0,0.0288975581563357
36055,"Monroe County, New York",2023,748482,877.0,0.1171704863978024
36011,"Cayuga County, New York",2023,74485,84.0,0.112774384104182
48085,"Collin County, Texas",2023,1195359,402.0,0.033630064273578
48099,"Coryell County, Texas",2023,84878,253.0,0.2980748839510827
37179,"Union County, North Carolina",2023,256452,39.0,0.0152075242150577
48139,"Ellis County, Texas",2023,222829,85.0,0.0381458427762993
37171,"Surry County, North Carolina",2023,71462,143.0,0.2001063502280932
48397,"Rockwall County, Texas",2023,131307,265.0,0.2018171156145521
48021,"Bastrop County, Texas",2023,110778,150.0,0.1354059470291935
72135,"Toa Alta Municipio, Puerto Rico",2023,65957,65.0,0.0985490546871446
12021,"Collier County, Florida",2023,404310,205.0,0.0507036679775419
12011,"Broward County, Florida",2023,1962531,1344.0,0.0684829946635237
72031,"Carolina Municipio, Puerto Rico",2023,150843,845.0,0.5601850931100548
12061,"Indian River County, Florida",2023,169795,407.0,0.2397008156895079
12005,"Bay County, Florida",2023,190769,303.0,0.1588308372953677
36001,"Albany County, New York",2023,316659,198.0,0.0625278296211382
72021,"Bayamón Municipio, Puerto Rico",2023,180835,854.0,0.4722537119473553
36069,"Ontario County, New York",2023,112494,0.0,0.0
37025,"Cabarrus County, North Carolina",2023,240016,71.0,0.0295813612425838
13045,"Carroll County, Georgia",2023,127098,0.0,0.0
37105,"Lee County, North Carolina",2023,67059,64.0,0.0954383453376877
37069,"Franklin County, North Carolina",2023,77001,278.0,0.3610342722821781
37195,"Wilson County, North Carolina",2023,78970,152.0,0.1924781562618716
55039,"Fond du Lac County, Wisconsin",2023,103948,0.0,0.0
55017,"Chippewa County, Wisconsin",2023,66970,25.0,0.0373301478273854
38101,"Ward County, North Dakota",2023,68332,15.0,0.0219516478370309
72025,"Caguas Municipio, Puerto Rico",2023,124608,235.0,0.1885914227015921
4019,"Pima County, Arizona",2023,1063162,1384.0,0.1301777151553573
41053,"Polk County, Oregon",2023,89805,46.0,0.0512220923111185
42107,"Schuylkill County, Pennsylvania",2023,143786,15.0,0.0104321700304619
6059,"Orange County, California",2023,3135755,2210.0,0.0704774448258872
6079,"San Luis Obispo County, California",2023,281639,135.0,0.0479337023636641
6095,"Solano County, California",2023,449218,240.0,0.0534261761550071
39173,"Wood County, Ohio",2023,132650,118.0,0.0889558989822842
39139,"Richland County, Ohio",2023,125064,198.0,0.1583189407023603
42037,"Columbia County, Pennsylvania",2023,65439,0.0,0.0
12087,"Monroe County, Florida",2023,80614,53.0,0.0657454040241149
39133,"Portage County, Ohio",2023,162665,49.0,0.0301232594596256
39153,"Summit County, Ohio",2023,535733,565.0,0.1054629824931449
42021,"Cambria County, Pennsylvania",2023,130668,62.0,0.047448495423516
9120,"Greater Bridgeport Planning Region, Connecticut",2023,327651,391.0,0.1193342916701002
35013,"Doña Ana County, New Mexico",2023,225210,184.0,0.0817015230229563
35035,"Otero County, New Mexico",2023,68835,210.0,0.3050773589017215
49053,"Washington County, Utah",2023,202452,198.0,0.0978009602276095
8001,"Adams County, Colorado",2023,533365,269.0,0.0504345054512388
36027,"Dutchess County, New York",2023,297150,462.0,0.1554770318021201
31109,"Lancaster County, Nebraska",2023,326716,0.0,0.0
13095,"Dougherty County, Georgia",2023,82645,35.0,0.0423498094258575
18157,"Tippecanoe County, Indiana",2023,188792,332.0,0.175854909106318
26049,"Genesee County, Michigan",2023,401522,655.0,0.1631292930399828
36007,"Broome County, New York",2023,196077,45.0,0.022950167536223
36117,"Wayne County, New York",2023,90829,264.0,0.2906560679959044
26037,"Clinton County, Michigan",2023,79720,49.0,0.0614651279478173
36089,"St. Lawrence County, New York",2023,106940,290.0,0.27118010099121
36079,"Putnam County, New York",2023,98060,0.0,0.0
33001,"Belknap County, New Hampshire",2023,65027,48.0,0.073815492026389
27141,"Sherburne County, Minnesota",2023,102206,0.0,0.0
20015,"Butler County, Kansas",2023,68632,138.0,0.2010723860589812
27131,"Rice County, Minnesota",2023,67948,55.0,0.0809442514864308
27019,"Carver County, Minnesota",2023,111057,0.0,0.0
37071,"Gaston County, North Carolina",2023,237242,55.0,0.0231830788814796
51710,"Norfolk city, Virginia",2023,230930,0.0,0.0
51740,"Portsmouth city, Virginia",2023,96793,0.0,0.0
53073,"Whatcom County, Washington",2023,231919,197.0,0.0849434500838654
28035,"Forrest County, Mississippi",2023,78208,113.0,0.1444864975450081
39029,"Columbiana County, Ohio",2023,100182,0.0,0.0
39025,"Clermont County, Ohio",2023,211972,226.0,0.1066178551884211
29077,"Greene County, Missouri",2023,304611,335.0,0.1099763304673829
39085,"Lake County, Ohio",2023,231640,0.0,0.0
21227,"Warren County, Kentucky",2023,142229,227.0,0.1596017689781971
29187,"St. Francois County, Missouri",2023,67058,28.0,0.0417548987443705
17143,"Peoria County, Illinois",2023,177513,119.0,0.0670373437438384
13015,"Bartow County, Georgia",2023,115041,47.0,0.0408549995219095
13297,"Walton County, Georgia",2023,106702,0.0,0.0
42085,"Mercer County, Pennsylvania",2023,108503,261.0,0.2405463443407094
55105,"Rock County, Wisconsin",2023,164278,164.0,0.0998307746624624
6029,"Kern County, California",2023,913820,621.0,0.0679564903372655
33011,"Hillsborough County, New Hampshire",2023,427354,351.0,0.0821333133655002
34029,"Ocean County, New Jersey",2023,659197,87.0,0.013197875597128
18095,"Madison County, Indiana",2023,132504,117.0,0.0882992211555877
18085,"Kosciusko County, Indiana",2023,80364,95.0,0.1182121347867204
20173,"Sedgwick County, Kansas",2023,528469,377.0,0.0713381485006689
48367,"Parker County, Texas",2023,173494,64.0,0.0368888837654328
48303,"Lubbock County, Texas",2023,320940,291.0,0.090671153486633
18059,"Hancock County, Indiana",2023,86166,43.0,0.0499036743030893
48497,"Wise County, Texas",2023,78097,0.0,0.0
48231,"Hunt County, Texas",2023,113347,36.0,0.0317608758943774
17037,"DeKalb County, Illinois",2023,100288,103.0,0.1027042118698149
8041,"El Paso County, Colorado",2023,744215,545.0,0.0732315258359479
48375,"Potter County, Texas",2023,114647,0.0,0.0
55101,"Racine County, Wisconsin",2023,196613,323.0,0.1642821176626164
55059,"Kenosha County, Wisconsin",2023,167488,13.0,0.0077617500955292
55127,"Walworth County, Wisconsin",2023,105822,73.0,0.068983765190603
13097,"Douglas County, Georgia",2023,149160,450.0,0.3016894609814963
21199,"Pulaski County, Kentucky",2023,66191,123.0,0.1858258675650768
23019,"Penobscot County, Maine",2023,155312,240.0,0.1545276604512207
55063,"La Crosse County, Wisconsin",2023,120486,0.0,0.0
26155,"Shiawassee County, Michigan",2023,68025,120.0,0.1764057331863285
51700,"Newport News city, Virginia",2023,183118,405.0,0.2211688637927456
55117,"Sheboygan County, Wisconsin",2023,117752,54.0,0.0458590936884299
51800,"Suffolk city, Virginia",2023,100659,127.0,0.1261685492603741
51013,"Arlington County, Virginia",2023,234162,0.0,0.0
55009,"Brown County, Wisconsin",2023,271417,52.0,0.019158711502964
47011,"Bradley County, Tennessee",2023,111579,88.0,0.0788678873264682
51510,"Alexandria city, Virginia",2023,155230,39.0,0.0251240095342395
17199,"Williamson County, Illinois",2023,66706,107.0,0.1604053608371061
17167,"Sangamon County, Illinois",2023,193491,139.0,0.0718379666237706
5119,"Pulaski County, Arkansas",2023,400009,1103.0,0.2757437957645953
47113,"Madison County, Tennessee",2023,99193,14.0,0.0141138991662718
18011,"Boone County, Indiana",2023,76120,13.0,0.0170782974251182
5125,"Saline County, Arkansas",2023,129574,172.0,0.1327426798586136
16001,"Ada County, Idaho",2023,524673,383.0,0.0729978481835352
19169,"Story County, Iowa",2023,98566,0.0,0.0
19013,"Black Hawk County, Iowa",2023,130471,21.0,0.0160955308076124
48291,"Liberty County, Texas",2023,108272,0.0,0.0
18063,"Hendricks County, Indiana",2023,186387,239.0,0.1282278270480237
6031,"Kings County, California",2023,152682,261.0,0.1709435296891578
6103,"Tehama County, California",2023,64896,0.0,0.0
48121,"Denton County, Texas",2023,1007703,335.0,0.0332439220683078
18005,"Bartholomew County, Indiana",2023,84003,7.0,0.0083330357249145
18057,"Hamilton County, Indiana",2023,371645,114.0,0.0306744339356105
20045,"Douglas County, Kansas",2023,120553,309.0,0.2563187975413303
48181,"Grayson County, Texas",2023,146907,330.0,0.2246319099838673
18019,"Clark County, Indiana",2023,125467,109.0,0.0868754333808889
23005,"Cumberland County, Maine",2023,310230,127.0,0.0409373690487702
18141,"St. Joseph County, Indiana",2023,272848,170.0,0.062305752653492
18003,"Allen County, Indiana",2023,394545,151.0,0.0382719334930109
34017,"Hudson County, New Jersey",2023,705472,0.0,0.0
21037,"Campbell County, Kentucky",2023,93702,47.0,0.0501590147488847
34039,"Union County, New Jersey",2023,572726,421.0,0.0735080998592695
21015,"Boone County, Kentucky",2023,140496,86.0,0.0612117070948639
13255,"Spalding County, Georgia",2023,69946,86.0,0.122951991536328
13247,"Rockdale County, Georgia",2023,95987,0.0,0.0
35031,"McKinley County, New Mexico",2023,68797,1585.0,2.3038795296306525
22019,"Calcasieu Parish, Louisiana",2023,203761,55.0,0.0269924077718503
36085,"Richmond County, New York",2023,490687,287.0,0.0584894240116408
36087,"Rockland County, New York",2023,340807,193.0,0.0566302922181762
41059,"Umatilla County, Oregon",2023,80053,96.0,0.11992055263388
29510,"St. Louis city, Missouri",2023,281754,496.0,0.176040091711209
36101,"Steuben County, New York",2023,92162,204.0,0.2213493630780582
41029,"Jackson County, Oregon",2023,220768,263.0,0.1191295839976808
42039,"Crawford County, Pennsylvania",2023,82001,246.0,0.2999963415080304
29097,"Jasper County, Missouri",2023,125056,6.0,0.0047978505629477
36083,"Rensselaer County, New York",2023,159305,0.0,0.0
42007,"Beaver County, Pennsylvania",2023,165631,45.0,0.0271688270915468
45045,"Greenville County, South Carolina",2023,558036,262.0,0.0469503759614075
46083,"Lincoln County, South Dakota",2023,73238,0.0,0.0
13117,"Forsyth County, Georgia",2023,272887,57.0,0.0208877667312843
24510,"Baltimore city, Maryland",2023,565239,160.0,0.0283066101242129
25001,"Barnstable County, Massachusetts",2023,231735,142.0,0.0612768895505642
26139,"Ottawa County, Michigan",2023,303372,127.0,0.0418627955117809
26017,"Bay County, Michigan",2023,102500,186.0,0.1814634146341463
17163,"St. Clair County, Illinois",2023,251018,196.0,0.0780820498928363
19155,"Pottawattamie County, Iowa",2023,93179,143.0,0.1534680561070627
47125,"Montgomery County, Tennessee",2023,239872,67.0,0.0279315635005336
17201,"Winnebago County, Illinois",2023,280922,425.0,0.1512875460092125
17089,"Kane County, Illinois",2023,514982,192.0,0.0372828564881879
17091,"Kankakee County, Illinois",2023,105940,63.0,0.0594676231829337
51760,"Richmond city, Virginia",2023,229247,50.0,0.0218105362338438
51680,"Lynchburg city, Virginia",2023,79535,0.0,0.0
55025,"Dane County, Wisconsin",2023,575347,256.0,0.044494887433149
55027,"Dodge County, Wisconsin",2023,88231,8.0,0.009067107932586
13115,"Floyd County, Georgia",2023,100113,128.0,0.1278555232587176
72061,"Guaynabo Municipio, Puerto Rico",2023,89039,149.0,0.1673424005211199
50007,"Chittenden County, Vermont",2023,169481,76.0,0.0448427847369321
51650,"Hampton city, Virginia",2023,137098,229.0,0.167033800638959
55097,"Portage County, Wisconsin",2023,71024,0.0,0.0
55139,"Winnebago County, Wisconsin",2023,171735,108.0,0.0628875884356712
16055,"Kootenai County, Idaho",2023,185010,124.0,0.0670234041403167
55055,"Jefferson County, Wisconsin",2023,85743,0.0,0.0
18091,"LaPorte County, Indiana",2023,111706,0.0,0.0
55131,"Washington County, Wisconsin",2023,138168,200.0,0.1447513172369868
55073,"Marathon County, Wisconsin",2023,138612,89.0,0.0642080050789253
12109,"St. Johns County, Florida",2023,320110,106.0,0.0331136171940895
39013,"Belmont County, Ohio",2023,64918,0.0,0.0
39007,"Ashtabula County, Ohio",2023,96845,330.0,0.3407506840828127
9160,"Northwest Hills Planning Region, Connecticut",2023,113463,43.0,0.0378978169094771
13285,"Troup County, Georgia",2023,70742,0.0,0.0
12085,"Martin County, Florida",2023,163315,23.0,0.0140832134219147
12111,"St. Lucie County, Florida",2023,373586,343.0,0.0918128623663627
5031,"Craighead County, Arkansas",2023,113993,7.0,0.0061407279394348
42073,"Lawrence County, Pennsylvania",2023,84472,328.0,0.3882943460554977
13295,"Walker County, Georgia",2023,69489,45.0,0.0647584509778526
17179,"Tazewell County, Illinois",2023,129541,22.0,0.0169830401185724
54061,"Monongalia County, West Virginia",2023,107718,90.0,0.0835514955717707
37157,"Rockingham County, North Carolina",2023,92518,0.0,0.0
17099,"LaSalle County, Illinois",2023,108309,0.0,0.0
17113,"McLean County, Illinois",2023,170441,0.0,0.0
39155,"Trumbull County, Ohio",2023,200373,392.0,0.1956351404630364
55071,"Manitowoc County, Wisconsin",2023,81331,48.0,0.0590180865844511
51810,"Virginia Beach city, Virginia",2023,453649,33.0,0.0072743464661004
44003,"Kent County, Rhode Island",2023,171278,0.0,0.0
46099,"Minnehaha County, South Dakota",2023,206930,13.0,0.0062823176919731
53063,"Spokane County, Washington",2023,551455,208.0,0.0377183995067593
8014,"Broomfield County, Colorado",2023,76860,0.0,0.0
37067,"Forsyth County, North Carolina",2023,392921,77.0,0.0195968146268588
29051,"Cole County, Missouri",2023,77278,0.0,0.0
39165,"Warren County, Ohio",2023,252148,0.0,0.0
39157,"Tuscarawas County, Ohio",2023,91874,0.0,0.0
37097,"Iredell County, North Carolina",2023,199710,187.0,0.0936357718692103
39109,"Miami County, Ohio",2023,110876,46.0,0.041487788159746
39103,"Medina County, Ohio",2023,184042,142.0,0.0771563012790558
39169,"Wayne County, Ohio",2023,116510,699.0,0.5999485022744829
41067,"Washington County, Oregon",2023,598865,87.0,0.0145274811518455
26111,"Midland County, Michigan",2023,84039,134.0,0.1594497792691488
34037,"Sussex County, New Jersey",2023,146132,0.0,0.0
37045,"Cleveland County, North Carolina",2023,101378,56.0,0.0552388092090986
39089,"Licking County, Ohio",2023,183201,184.0,0.1004361329905404
39003,"Allen County, Ohio",2023,100838,0.0,0.0
42077,"Lehigh County, Pennsylvania",2023,377754,89.0,0.0235603064428172
42013,"Blair County, Pennsylvania",2023,120273,0.0,0.0
26125,"Oakland County, Michigan",2023,1270426,607.0,0.0477792488503856
26067,"Ionia County, Michigan",2023,66262,0.0,0.0
39041,"Delaware County, Ohio",2023,231636,0.0,0.0
39057,"Greene County, Ohio",2023,169691,30.0,0.0176791933573377
42069,"Lackawanna County, Pennsylvania",2023,216123,202.0,0.093465295225404
26025,"Calhoun County, Michigan",2023,133366,27.0,0.0202450399652085
26077,"Kalamazoo County, Michigan",2023,262215,188.0,0.0716968899567149
38015,"Burleigh County, North Dakota",2023,100012,0.0,0.0
40109,"Oklahoma County, Oklahoma",2023,808866,854.0,0.1055799106403285
20103,"Leavenworth County, Kansas",2023,83518,0.0,0.0
1103,"Morgan County, Alabama",2023,125133,0.0,0.0
39049,"Franklin County, Ohio",2023,1326063,388.0,0.029259544983911
27109,"Olmsted County, Minnesota",2023,164784,78.0,0.0473346926886105
21111,"Jefferson County, Kentucky",2023,772144,268.0,0.0347085517727263
21117,"Kenton County, Kentucky",2023,171321,0.0,0.0
40037,"Creek County, Oklahoma",2023,73332,134.0,0.1827305951017291
24013,"Carroll County, Maryland",2023,176639,39.0,0.0220789293417648
25027,"Worcester County, Massachusetts",2023,866866,0.0,0.0
26159,"Van Buren County, Michigan",2023,75798,287.0,0.3786379587851922
28081,"Lee County, Mississippi",2023,82799,0.0,0.0
28067,"Jones County, Mississippi",2023,66250,29.0,0.0437735849056603
28073,"Lamar County, Mississippi",2023,66217,54.0,0.0815500551217965
30111,"Yellowstone County, Montana",2023,170843,57.0,0.0333639657463285
35001,"Bernalillo County, New Mexico",2023,671586,652.0,0.0970836199682542
28047,"Harrison County, Mississippi",2023,210612,81.0,0.0384593470457523
29021,"Buchanan County, Missouri",2023,82956,113.0,0.1362167896234148
37081,"Guilford County, North Carolina",2023,549866,470.0,0.0854753703629611
48329,"Midland County, Texas",2023,177108,282.0,0.1592248797343993
37035,"Catawba County, North Carolina",2023,164645,225.0,0.1366576573840687
37151,"Randolph County, North Carolina",2023,147458,135.0,0.0915514926284094
37001,"Alamance County, North Carolina",2023,179165,127.0,0.0708843803198169
25003,"Berkshire County, Massachusetts",2023,126818,301.0,0.2373480105347821
26121,"Muskegon County, Michigan",2023,176564,37.0,0.0209555741827326
13059,"Clarke County, Georgia",2023,129933,180.0,0.1385329362055828
42019,"Butler County, Pennsylvania",2023,198413,139.0,0.0700558935150418
39093,"Lorain County, Ohio",2023,317910,129.0,0.0405775219401717
72139,"Trujillo Alto Municipio, Puerto Rico",2023,66705,0.0,0.0
12086,"Miami-Dade County, Florida",2023,2686867,1826.0,0.0679601930426775
17019,"Champaign County, Illinois",2023,205644,75.0,0.0364707941880142
55079,"Milwaukee County, Wisconsin",2023,916205,186.0,0.0203011334799526
56021,"Laramie County, Wyoming",2023,100984,0.0,0.0
42001,"Adams County, Pennsylvania",2023,106748,0.0,0.0
20177,"Shawnee County, Kansas",2023,177746,111.0,0.0624486626984573
23001,"Androscoggin County, Maine",2023,113765,0.0,0.0
26081,"Kent County, Michigan",2023,661354,132.0,0.0199590536989267
18109,"Morgan County, Indiana",2023,73227,73.0,0.099690005052781
22051,"Jefferson Parish, Louisiana",2023,421777,330.0,0.0782403971767071
36015,"Chemung County, New York",2023,81325,0.0,0.0
26087,"Lapeer County, Michigan",2023,88977,76.0,0.0854153320521033
13013,"Barrow County, Georgia",2023,92792,0.0,0.0
39017,"Butler County, Ohio",2023,393043,534.0,0.1358629971784258
17115,"Macon County, Illinois",2023,100591,27.0,0.0268413675179688
37135,"Orange County, North Carolina",2023,150626,67.0,0.0444810324910706
5051,"Garland County, Arkansas",2023,99784,439.0,0.4399502926320853
48485,"Wichita County, Texas",2023,130180,63.0,0.0483945306498694
37037,"Chatham County, North Carolina",2023,81624,32.0,0.0392041556404978
33005,"Cheshire County, New Hampshire",2023,77703,56.0,0.0720692894740228
35025,"Lea County, New Mexico",2023,72101,0.0,0.0
42025,"Carbon County, Pennsylvania",2023,65458,57.0,0.0870787375110758
1015,"Calhoun County, Alabama",2023,116429,0.0,0.0
36005,"Bronx County, New York",2023,1356476,461.0,0.0339851202675167
21047,"Christian County, Kentucky",2023,72032,116.0,0.1610395379831186
26145,"Saginaw County, Michigan",2023,187782,66.0,0.0351471387033901
36019,"Clinton County, New York",2023,78115,33.0,0.0422454074121487
29043,"Christian County, Missouri",2023,94422,54.0,0.0571900616381775
40119,"Payne County, Oklahoma",2023,83352,66.0,0.0791822631730492
4003,"Cochise County, Arizona",2023,124640,343.0,0.2751925545571245
48209,"Hays County, Texas",2023,280486,159.0,0.0566873212923283
12035,"Flagler County, Florida",2023,131439,0.0,0.0
33013,"Merrimack County, New Hampshire",2023,157103,273.0,0.1737713474599466
19061,"Dubuque County, Iowa",2023,98887,208.0,0.210341096402965
13223,"Paulding County, Georgia",2023,183164,304.0,0.1659714791116158
36109,"Tompkins County, New York",2023,103558,139.0,0.1342242994264083
19153,"Polk County, Iowa",2023,505255,132.0,0.0261254218167064
48309,"McLennan County, Texas",2023,268583,173.0,0.064412118414047
48251,"Johnson County, Texas",2023,202906,523.0,0.2577548224300908
48451,"Tom Green County, Texas",2023,119057,141.0,0.1184306676633881
48113,"Dallas County, Texas",2023,2606358,1517.0,0.0582038231125578
19049,"Dallas County, Iowa",2023,111092,8.0,0.0072012386130414
48183,"Gregg County, Texas",2023,126243,255.0,0.201991397542834
39063,"Hancock County, Ohio",2023,74704,0.0,0.0
39023,"Clark County, Ohio",2023,134610,23.0,0.0170863977416239
39159,"Union County, Ohio",2023,69637,46.0,0.0660568376007007
40131,"Rogers County, Oklahoma",2023,100248,78.0,0.0778070385444098
35049,"Santa Fe County, New Mexico",2023,155956,121.0,0.077585985790864
41071,"Yamhill County, Oregon",2023,108644,32.0,0.0294539965391554
26075,"Jackson County, Michigan",2023,159424,18.0,0.0112906463267763
42011,"Berks County, Pennsylvania",2023,432821,245.0,0.0566053865223729
27037,"Dakota County, Minnesota",2023,447440,168.0,0.0375469336670838
37063,"Durham County, North Carolina",2023,336892,123.0,0.0365102169241181
42075,"Lebanon County, Pennsylvania",2023,144252,142.0,0.0984388431356237
27123,"Ramsey County, Minnesota",2023,536075,232.0,0.0432775264655132
27035,"Crow Wing County, Minnesota",2023,68304,46.0,0.0673459826657296
37191,"Wayne County, North Carolina",2023,118686,24.0,0.020221424599363
42081,"Lycoming County, Pennsylvania",2023,112724,12.0,0.010645470352365
55087,"Outagamie County, Wisconsin",2023,193234,131.0,0.0677934524980076
27003,"Anoka County, Minnesota",2023,372441,436.0,0.1170655217873435
42079,"Luzerne County, Pennsylvania",2023,327388,64.0,0.0195486700795386
39151,"Stark County, Ohio",2023,372716,135.0,0.0362206076476459
18043,"Floyd County, Indiana",2023,80809,41.0,0.0507369228675023
39141,"Ross County, Ohio",2023,76501,10.0,0.0130717245526202
18039,"Elkhart County, Indiana",2023,206409,362.0,0.1753799495177051
13063,"Clayton County, Georgia",2023,298300,769.0,0.2577941669460274
29071,"Franklin County, Missouri",2023,106404,133.0,0.1249953009285365
1083,"Limestone County, Alabama",2023,114654,0.0,0.0
21093,"Hardin County, Kentucky",2023,112273,425.0,0.3785415905872293
22073,"Ouachita Parish, Louisiana",2023,157568,220.0,0.1396222583265637
37027,"Caldwell County, North Carolina",2023,80574,0.0,0.0
48213,"Henderson County, Texas",2023,86158,0.0,0.0
53025,"Grant County, Washington",2023,102678,64.0,0.0623307816669588
13151,"Henry County, Georgia",2023,254613,248.0,0.0974027249197802
13139,"Hall County, Georgia",2023,217267,0.0,0.0
39145,"Scioto County, Ohio",2023,71969,60.0,0.083369228417791
55133,"Waukesha County, Wisconsin",2023,412591,136.0,0.0329624252589125
55141,"Wood County, Wisconsin",2023,73939,73.0,0.0987300342173954
17119,"Madison County, Illinois",2023,262752,230.0,0.0875350140056022
72013,"Arecibo Municipio, Puerto Rico",2023,85641,132.0,0.1541317826741864
39119,"Muskingum County, Ohio",2023,86305,0.0,0.0
6075,"San Francisco County, California",2023,808988,226.0,0.0279361374952409
28075,"Lauderdale County, Mississippi",2023,70527,0.0,0.0
18173,"Warrick County, Indiana",2023,65867,0.0,0.0
18105,"Monroe County, Indiana",2023,139342,28.0,0.0200944438862654
26093,"Livingston County, Michigan",2023,196757,154.0,0.0782691340079387
55089,"Ozaukee County, Wisconsin",2023,93460,0.0,0.0
13067,"Cobb County, Georgia",2023,776743,531.0,0.0683623798347716
48221,"Hood County, Texas",2023,67774,0.0,0.0
55109,"St. Croix County, Wisconsin",2023,96763,25.0,0.0258363217345472
12099,"Palm Beach County, Florida",2023,1533801,718.0,0.0468118093546685
19113,"Linn County, Iowa",2023,228972,143.0,0.0624530510280733
51770,"Roanoke city, Virginia",2023,97171,0.0,0.0
26117,"Montcalm County, Michigan",2023,68154,241.0,0.3536109399301582
37183,"Wake County, North Carolina",2023,1190275,113.0,0.0094936044191468
18081,"Johnson County, Indiana",2023,167819,0.0,0.0
48027,"Bell County, Texas",2023,393193,411.0,0.1045288191804025
39045,"Fairfield County, Ohio",2023,165360,49.0,0.0296323173681664
12115,"Sarasota County, Florida",2023,469013,307.0,0.0654566078125766
35061,"Valencia County, New Mexico",2023,79141,274.0,0.3462175105191999
40017,"Canadian County, Oklahoma",2023,175829,107.0,0.0608545803024529
48441,"Taylor County, Texas",2023,146836,159.0,0.1082840720259337
23011,"Kennebec County, Maine",2023,127259,46.0,0.0361467558286643
51550,"Chesapeake city, Virginia",2023,253886,239.0,0.0941367385361934
21185,"Oldham County, Kentucky",2023,70183,21.0,0.0299217759286436
36093,"Schenectady County, New York",2023,159902,61.0,0.0381483658740978
37109,"Lincoln County, North Carolina",2023,95675,0.0,0.0
28059,"Jackson County, Mississippi",2023,146389,350.0,0.2390890025889923
39113,"Montgomery County, Ohio",2023,533796,375.0,0.0702515567744981
18097,"Marion County, Indiana",2023,968460,561.0,0.0579270181525308
12019,"Clay County, Florida",2023,232439,521.0,0.2241448293960996
48439,"Tarrant County, Texas",2023,2182947,1784.0,0.0817243845132291
19103,"Johnson County, Iowa",2023,157528,36.0,0.0228530800873495
1077,"Lauderdale County, Alabama",2023,96814,260.0,0.2685562005495073
21145,"McCracken County, Kentucky",2023,67428,14.0,0.0207628878210832
26045,"Eaton County, Michigan",2023,108820,155.0,0.1424370520124977
26161,"Washtenaw County, Michigan",2023,365536,271.0,0.0741377046310076
16019,"Bonneville County, Idaho",2023,131366,11.0,0.0083735517561621
17183,"Vermilion County, Illinois",2023,71652,120.0,0.1674761346508122
17093,"Kendall County, Illinois",2023,139976,86.0,0.0614391038463736
39099,"Mahoning County, Ohio",2023,225596,30.0,0.0132981081224844
29047,"Clay County, Missouri",2023,259772,121.0,0.0465793080085613
13057,"Cherokee County, Georgia",2023,286602,125.0,0.0436144897802527
26065,"Ingham County, Michigan",2023,284637,145.0,0.050942077101712
72137,"Toa Baja Municipio, Puerto Rico",2023,71888,682.0,0.9486979746271976
